,timestamp,value,is_anomaly
1419,1420,0.11164835204555001,0
1418,1419,0.16196617698953,0
1417,1418,0.19744146988036,0
1416,1417,0.1376261305013,0
1415,1416,0.15967482505235997,0
1414,1415,0.17538076976137001,0
1413,1414,0.18999075553626998,0
1412,1413,0.080793135895911,0
1411,1412,0.032979610981693,0
1410,1411,0.03581063431610201,0
1409,1410,0.20496868692328,0
1408,1409,0.05309265212668599,0
1407,1408,0.043913857370189,0
1406,1407,0.21205560499268,0
1405,1406,0.0,0
1404,1405,0.0,0
1403,1404,0.24584915703876997,0
1402,1403,0.049846220213872,0
1401,1402,0.05204608477482401,0
1400,1401,0.1392329990551,0
1399,1400,0.13022351806001,0
1398,1399,0.11258759940039,0
1397,1398,0.10269981175444999,0
1396,1397,0.10149107903671001,0
1395,1396,0.21988771218053,0
1394,1395,0.034385029573777,0
1393,1394,0.17479255893624,0
1392,1393,0.10149107903671001,0
1391,1392,0.19741931250852,0
1390,1391,0.10216065221678,0
1389,1390,0.32902836018585996,0
1388,1389,0.17516056892320997,0
1387,1388,0.09572500230568501,0
1386,1387,0.21563803296368,0
1385,1386,0.08112608570492501,0
1384,1385,0.075538554674309,0
1383,1384,0.28750562005936,0
1382,1383,0.057459020289436,0
1381,1382,0.054466597481213,0
1380,1381,0.0,0
1379,1380,0.05282677388968401,0
1378,1379,0.1936428046839,0
1377,1378,0.0,0
1376,1377,0.076431907457478,0
1375,1376,0.13570963056519,0
1374,1375,0.07474686582090599,0
1373,1374,0.13417256350298,0
1372,1373,0.11781887197077001,0
1371,1372,0.12522619841308,0
1370,1371,0.10018007414459,0
1369,1370,0.02468393737575,0
1368,1369,0.10054853030204,0
1367,1368,0.1305066423559,0
1366,1367,0.21774881707851998,0
1365,1366,0.11535172009194,0
1364,1365,0.09924410491893401,0
1363,1364,0.07464756469365201,0
1362,1363,0.08983405162538902,0
1361,1362,0.23147422367229,0
1360,1361,0.042565915766552,0
1359,1360,0.1233991317089,0
1358,1359,0.10536774813238,0
1357,1358,0.08728058888363299,0
1356,1357,0.038270957919533,0
1355,1356,0.0,0
1354,1355,0.033270317741557996,0
1353,1354,0.09727414207464802,0
1352,1353,0.057885125015937004,0
1351,1352,0.066868365737218,0
1350,1351,0.07310929970435699,0
1349,1350,0.07244862879413201,0
1348,1349,0.07797276382811,0
1347,1348,0.11515101921294,0
1346,1347,0.20148511394008997,0
1345,1346,0.081949111399618,0
1344,1345,0.07351854082400298,0
1343,1344,0.18663972932643,0
1342,1343,0.2502095174271,0
1341,1342,0.041593949118095004,0
1340,1341,0.18922597300629002,0
1339,1340,0.1924574892026,0
1338,1339,0.14077736537045002,0
1337,1338,0.22568442027805,0
1336,1337,0.06047429775658401,0
1335,1336,0.11660374103282001,0
1334,1335,0.11905908868378999,0
1333,1334,0.097305232437507,0
1332,1333,0.0,0
1331,1332,0.0,0
1330,1331,0.028193633007367002,0
1329,1330,0.0,0
1328,1329,0.1696074188221,0
1327,1328,0.1223093269317,0
1326,1327,0.0,0
1325,1326,0.22650915594248,0
1324,1325,0.30046815361859003,0
1323,1324,0.17914189971361,0
1322,1323,0.22632868808707998,0
1321,1322,0.32904135680259006,0
1320,1321,0.08426242877623301,0
1319,1320,0.38382339961227,0
1318,1319,0.27364025607799,0
1317,1318,0.13206535647488,0
1316,1317,0.28637713141253,0
1315,1316,0.16494200410492002,0
1314,1315,0.08612162048398898,0
1313,1314,0.14854949043035,0
1312,1313,0.10106696361212,0
1311,1312,0.0,0
1310,1311,0.0,0
1309,1310,0.0,0
1308,1309,0.036512411627867995,0
1307,1308,0.0,0
1306,1307,0.031429841710104,0
1305,1306,0.11889606284161999,0
1304,1305,0.08924770147957402,0
1303,1304,0.09652446751775501,0
1302,1303,0.096211952864224,0
1301,1302,0.1252855094715,0
1300,1301,0.13336345197744,0
1299,1300,0.4,1
1298,1299,0.22671215594729996,0
1297,1298,0.06345811641554701,0
1296,1297,0.19332372237792,0
1295,1296,0.37144807973125005,0
1294,1295,0.077016875742983,0
1293,1294,0.092277247744574,0
1292,1293,0.12565805017257,0
1291,1292,0.32371296573811,0
1290,1291,0.21887772653901,0
1289,1290,0.26818151064716,0
1288,1289,0.05363316840061,0
1287,1288,0.0,0
1286,1287,0.0,0
1285,1286,0.0,0
1284,1285,0.09140162014739302,0
1283,1284,0.0,0
1282,1283,0.0,0
1281,1282,0.08180100127782801,0
1280,1281,0.07584150637714701,0
1279,1280,0.07099894663641,0
1278,1279,0.04051853381938501,0
1277,1278,0.19609416059774,0
1276,1277,0.12923377484588,0
1275,1276,0.298229429356,0
1274,1275,0.22983578430825,0
1273,1274,0.22178651521516,0
1272,1273,0.19464543002904003,0
1271,1272,0.09100057249197198,0
1270,1271,0.12998124134227002,0
1269,1270,0.030588852697706,0
1268,1269,0.054750658073534006,0
1267,1268,0.13310058077443,0
1266,1267,0.13079770999921,0
1265,1266,0.18521047165852,0
1264,1265,0.18176011684739002,0
1263,1264,0.03894406599435601,0
1262,1263,0.0,0
1261,1262,0.039360296791109,0
1260,1261,0.03428038631974299,0
1259,1260,0.08809461878011901,0
1258,1259,0.076424293095548,0
1257,1258,0.0,0
1256,1257,0.10394294206935002,0
1255,1256,0.20877561051189,0
1254,1255,0.06783428261124,0
1253,1254,0.21161148728916002,0
1252,1253,0.13125017838571001,0
1251,1252,0.06298116794216299,0
1250,1251,0.13709947889982,0
1249,1250,0.093634078744746,0
1248,1249,0.12741851179236,0
1247,1248,0.14236976564388001,0
1246,1247,0.060070368432037995,0
1245,1246,0.15394421357627,0
1244,1245,0.32447726333369004,0
1243,1244,0.4140256163498,0
1242,1243,0.16022629962173002,0
1241,1242,0.09565694822541,0
1240,1241,0.14870829462531002,0
1239,1240,0.059431847203259,0
1238,1239,0.18015967729618,0
1237,1238,0.058100747891124,0
1236,1237,0.076264605227629,0
1235,1236,0.18394691317126002,0
1234,1235,0.09947623679378201,0
1233,1234,0.15672074166098002,0
1232,1233,0.3688420983862,0
1231,1232,0.15111333507662,0
1230,1231,0.12271171189386001,0
1229,1230,0.20141526375625,0
1228,1229,0.08833993625230199,0
1227,1228,0.21356200193615002,0
1226,1227,0.17244047836378998,0
1225,1226,0.16728853165162,0
1224,1225,0.32069151905173,0
1223,1224,0.27376916868294,0
1222,1223,0.24793583772273,0
1221,1222,0.32093016819692,0
1220,1221,0.28226806095289003,0
1219,1220,0.30404676514833,0
1218,1219,0.26777755992147,0
1217,1218,0.18267963393082,0
1216,1217,0.7871265862012701,1
1215,1216,0.19590927087360002,0
1214,1215,0.45868581620054,1
1213,1214,0.0,0
1212,1213,0.0,0
1211,1212,0.0,0
1210,1211,0.08237281480963901,0
1209,1210,0.032414228925828,0
1208,1209,0.12853338721539,0
1207,1208,0.083900984173012,0
1206,1207,0.28639695711596,0
1205,1206,0.32656213417732,0
1204,1205,0.08024661572906401,0
1203,1204,0.12741851179236,0
1202,1203,0.18078076076243,0
1201,1202,0.23802438276872,0
1200,1201,0.045995324803682,0
1199,1200,0.4,1
1198,1199,0.1609412187274,0
1197,1198,0.17013715283392,0
1196,1197,0.07673479360192201,0
1195,1196,0.15210502999287,0
1194,1195,0.16105265701128,0
1193,1194,0.11258759940039,0
1192,1193,0.035137191893634005,0
1191,1192,0.035137191893634005,0
1190,1191,0.0,0
1189,1190,0.0,0
1188,1189,0.027788383289498998,0
1187,1188,0.055328485037955,0
1186,1187,0.06812462580532,0
1185,1186,0.04022215086538101,0
1184,1185,0.10418807549523,0
1183,1184,0.11600086139072999,0
1182,1183,0.022073721703464003,0
1181,1182,0.17687421373190998,0
1180,1181,0.2312064012582,0
1179,1180,0.31381296416887,0
1178,1179,0.07253718299881,0
1177,1178,0.12602969813907,0
1176,1177,0.10864900088005,0
1175,1176,0.14779741522058998,0
1174,1175,0.032507012295146,0
1173,1174,0.13287358772218,0
1172,1173,0.09466793501476899,0
1171,1172,0.05698767181974299,0
1170,1171,0.068254139999346,0
1169,1170,0.060122448878635,0
1168,1169,0.14969099592127,0
1167,1168,0.10928571467638999,0
1166,1167,0.10519721128315,0
1165,1166,0.0,0
1164,1165,0.098617038600063,0
1163,1164,0.07099894663641,0
1162,1163,0.0,0
1161,1162,0.08728058888363299,0
1160,1161,0.17879123074031,0
1159,1160,0.11190990870167998,0
1158,1159,0.13649131550296,0
1157,1158,0.10731539561588001,0
1156,1157,0.038807415292018,0
1155,1156,0.050723618686514,0
1154,1155,0.024581173073577996,0
1153,1154,0.13691041072327,0
1152,1153,0.026766196308354,0
1151,1152,0.037622360322277996,0
1150,1151,0.023008391787587002,0
1149,1150,0.057459020289436,0
1148,1149,0.033666593475508995,0
1147,1148,0.06332743445339299,0
1146,1147,0.10213470511716999,0
1145,1146,0.12510294083344,0
1144,1145,0.11084389924027,0
1143,1144,0.08191467409622599,0
1142,1143,0.0,0
1141,1142,0.041436571087464,0
1140,1141,0.0,0
1139,1140,0.043763623117499,0
1138,1139,0.0,0
1137,1138,0.07659916149791901,0
1136,1137,0.11629780056153,0
1135,1136,0.048708312546253,0
1134,1135,0.064841538076484,0
1133,1134,0.11491272575332001,0
1132,1133,0.038073868368754996,0
1131,1132,0.18198813530019,0
1130,1131,0.14569364884757002,0
1129,1130,0.0,0
1128,1129,0.0,0
1127,1128,0.12861588337799,0
1126,1127,0.17057206553854998,0
1125,1126,0.04022215086538101,0
1124,1125,0.051166116772473,0
1123,1124,0.0,0
1122,1123,0.12418226954696002,0
1121,1122,0.10365337249761998,0
1120,1121,0.0,0
1119,1120,0.10029435223064,0
1118,1119,0.0,0
1117,1118,0.0,0
1116,1117,0.0,0
1115,1116,0.0,0
1114,1115,0.0,0
1113,1114,0.0,0
1112,1113,0.02139340711812,0
1111,1112,0.09437881174246199,0
1110,1111,0.063949370932991,0
1109,1110,0.015094533525413,0
1108,1109,0.13429243256821,0
1107,1108,0.067005870534182,0
1106,1107,0.057321827873555005,0
1105,1106,0.082058799915824,0
1104,1105,0.02672150953308,0
1103,1104,0.033616505813902,0
1102,1103,0.10394116672902001,0
1101,1102,0.13104465124262998,0
1100,1101,0.07328004196455701,0
1099,1100,0.4,1
1098,1099,0.094084438832673,0
1097,1098,0.04985210926935801,0
1096,1097,0.08450527625030299,0
1095,1096,0.067297142748812,0
1094,1095,0.029949950026121004,0
1093,1094,0.0,0
1092,1093,0.031151045483538996,0
1091,1092,0.0,0
1090,1091,0.087543035971238,0
1089,1090,0.11628975245152,0
1088,1089,0.07854024449462599,0
1087,1088,0.041202889821452,0
1086,1087,0.057511810177119004,0
1085,1086,0.05515375910112699,0
1084,1085,0.040039251102491,0
1083,1084,0.032553617944112004,0
1082,1083,0.04672709003112901,0
1081,1082,0.14500733624043,0
1080,1081,0.042983941794881,0
1079,1080,0.041971530556774,0
1078,1079,0.16874893592242002,0
1077,1078,0.021597223158314,0
1076,1077,0.11367082443275,0
1075,1076,0.066779641097052,0
1074,1075,0.08276214539547999,0
1073,1074,0.088739417881303,0
1072,1073,0.12201534565884,0
1071,1072,0.047911560407608,0
1070,1071,0.08142390858425298,0
1069,1070,0.0,0
1068,1069,0.08354288831032201,0
1067,1068,0.0,0
1066,1067,0.05081829754409599,0
1065,1066,0.050886592113012004,0
1064,1065,0.05806984314166,0
1063,1064,0.028861851985229003,0
1062,1063,0.1028064299952,0
1061,1062,0.095002031789468,0
1060,1061,0.12469537397569001,0
1059,1060,0.16367597832104,0
1058,1059,0.033014047837867995,0
1057,1058,0.11809705541338,0
1056,1057,0.091121163023619,0
1055,1056,0.13399493992192998,0
1054,1055,0.020496657705832002,0
1053,1054,0.07584150637714701,0
1052,1053,0.10247450096433999,0
1051,1052,0.043846003986674,0
1050,1051,0.1275228688396,0
1049,1050,0.072067861729848,0
1048,1049,0.021142167244917996,0
1047,1048,0.0,0
1046,1047,0.025992957736547993,0
1045,1046,0.068395341911942,0
1044,1045,0.06429178708826701,0
1043,1044,0.15766772749983,0
1042,1043,0.09532581107230802,0
1041,1042,0.0,0
1040,1041,0.08859454436104999,0
1039,1040,0.12644994481537,0
1038,1039,0.10472332930133,0
1037,1038,0.19050318144252,0
1036,1037,0.1054190746845,0
1035,1036,0.12275234276969,0
1034,1035,0.020566298353792,0
1033,1034,0.094021005766084,0
1032,1033,0.051289858799957,0
1031,1032,0.07167380324199299,0
1030,1031,0.050317612906927996,0
1029,1030,0.12184008568978999,0
1028,1029,0.13712331887199,0
1027,1028,0.08602692657241201,0
1026,1027,0.12640598881102003,0
1025,1026,0.05823703723779,0
1024,1025,0.084808608043399,0
1023,1024,0.0,0
1022,1023,0.05724849659412799,0
1021,1022,0.0,0
1020,1021,0.0,0
1019,1020,0.051111263534218,0
1018,1019,0.045436612403901,0
1017,1018,0.038270957919533,0
1016,1017,0.05823703723779,0
1015,1016,0.15222680511595002,0
1014,1015,0.078187238738118,0
1013,1014,0.11299850955195001,0
1012,1013,0.11459361685243,0
1011,1012,0.079900598296651,0
1010,1011,0.14119445755296,0
1009,1010,0.1150267570489,0
1008,1009,0.17253761895951003,0
1007,1008,0.020290722486788003,0
1006,1007,0.16430377699282997,0
1005,1006,0.028479870560763,0
1004,1005,0.034228320502586,0
1003,1004,0.066698820830796,0
1002,1003,0.085903047711976,0
1001,1002,0.099581351017555,0
1000,1001,0.12513578187909,0
999,1000,0.4,1
998,999,0.020636446066963,0
997,998,0.0,0
996,997,0.0,0
995,996,0.0,0
994,995,0.0,0
993,994,0.11898350916153001,0
992,993,0.016354174968753,0
991,992,0.038008655416852,0
990,991,0.074768662666532,0
989,990,0.11251833989481,0
988,989,0.098277544249084,0
987,988,0.096357518724471,0
986,987,0.13890523887057998,0
985,986,0.14375985835531,0
984,985,0.13363180896924,0
983,984,0.023695834967821,0
982,983,0.051043016646698,0
981,982,0.09916557184644699,0
980,981,0.15790637433488,0
979,980,0.08462727078727299,0
978,979,0.04022215086538101,0
977,978,0.030919398857213,0
976,977,0.055680379884383,0
975,976,0.0,0
974,975,0.031869233863638,0
973,974,0.070887934206661,0
972,973,0.05842745555499299,0
971,972,0.0,0
970,971,0.11198565566103999,0
969,970,0.14006961492891,0
968,969,0.062006969698131,0
967,968,0.0,0
966,967,0.04358290846692801,0
965,966,0.073869151016554,0
964,965,0.0,0
963,964,0.063853685461221,0
962,963,0.13378075099383,0
961,962,0.04780164047085401,0
960,961,0.034002578802562,0
959,960,0.048306771033287996,0
958,959,0.033310879512461,0
957,958,0.07932984590431501,0
956,957,0.05282677388968401,0
955,956,0.055919636698742996,0
954,955,0.048341331534980006,0
953,954,0.13650296233629,0
952,953,0.10150033578287,0
951,952,0.0,0
950,951,0.0,0
949,950,0.0,0
948,949,0.0,0
947,948,0.0,0
946,947,0.030948232299767998,0
945,946,0.033919453583666,0
944,945,0.06776025909838901,0
943,944,0.077488949885965,0
942,943,0.05563571922395901,0
941,942,0.014455899164978,0
940,941,0.054771618715138,0
939,940,0.049602244305934996,0
938,939,0.057683225704233,0
937,938,0.06030991242653401,0
936,937,0.028401045145692,0
935,936,0.052217414705359004,0
934,935,0.09115553454055801,0
933,934,0.067489738764642,0
932,933,0.11644035456955001,0
931,932,0.058176601538018,0
930,931,0.026036719363444,0
929,930,0.055426072308289,0
928,929,0.098345239553664,0
927,928,0.10610212880951,0
926,927,0.064661049677152,0
925,926,0.0,0
924,925,0.0,0
923,924,0.0,0
922,923,0.10064381631633,0
921,922,0.18229662394063,0
920,921,0.0,0
919,920,0.090543853269643,0
918,919,0.078873737285415,0
917,918,0.14407221323011,0
916,917,0.072107773186609,0
915,916,0.071593754146172,0
914,915,0.052659026600132004,0
913,914,0.039930389849143995,0
912,913,0.052336696506499,0
911,912,0.10377526695926,0
910,911,0.07484115005697,0
909,910,0.10771048774666,0
908,909,0.10504553292421,0
907,908,0.07322030784057598,0
906,907,0.14870829462531002,0
905,906,0.037878946671491,0
904,905,0.015638795432702,0
903,904,0.01748186857624,0
902,903,0.0,0
901,902,0.0,0
900,901,0.016795241270985,0
899,900,0.4,1
898,899,0.0,0
897,898,0.031129909255124,0
896,897,0.10898948864078999,0
895,896,0.09375530196425098,0
894,895,0.11471874999036,0
893,894,0.09412153625342401,0
892,893,0.031859774913781,0
891,892,0.046095580964192,0
890,891,0.014724878652831001,0
889,890,0.033571347720577,0
888,889,0.041552255552731,0
887,888,0.06874265819680701,0
886,887,0.028754095353637002,0
885,886,0.11437533048243999,0
884,885,0.070438547008222,0
883,884,0.051974117163581995,0
882,883,0.10462164884166,0
881,882,0.16774071722374,0
880,881,0.057665227298857,0
879,880,0.030345867660395,0
878,879,0.037750185176735,0
877,878,0.0,0
876,877,0.0,0
875,876,0.10824637351267001,0
874,875,0.0,0
873,874,0.09905088200828699,0
872,873,0.06755714954154099,0
871,872,0.046792553198475,0
870,871,0.08219020764935,0
869,870,0.08329795085471901,0
868,869,0.046060828388587,0
867,868,0.067217215228375,0
866,867,0.07076692500883701,0
865,866,0.054655616583012,0
864,865,0.0,0
863,864,0.026215643469447998,0
862,863,0.16264480046039997,0
861,862,0.055986690710270993,0
860,861,0.18477832073133,0
859,860,0.061070711161473,0
858,859,0.09473018999010001,0
857,858,0.11132365864914,0
856,857,0.0,0
855,856,0.09867663820799799,0
854,855,0.092632629280125,0
853,854,0.02713995635286,0
852,853,0.0,0
851,852,0.0,0
850,851,0.019571935182124002,0
849,850,0.10050707347524,0
848,849,0.04318436192577,0
847,848,0.093454285728882,0
846,847,0.10171854295932001,0
845,846,0.06827770027642299,0
844,845,0.054046416943085,0
843,844,0.12276447331552001,0
842,843,0.06544162031760599,0
841,842,0.15513271231042,0
840,841,0.014656639469103998,0
839,840,0.017715537831218996,0
838,839,0.073295374096872,0
837,838,0.049963174087431,0
836,837,0.033970515582906,0
835,836,0.018731901987648,0
834,835,0.059431847203259,0
833,834,0.09607690135522999,0
832,833,0.055182797357095005,0
831,832,0.024228588329878998,0
830,831,0.026463035590685,0
829,830,0.0,0
828,829,0.0,0
827,828,0.07512642149906099,0
826,827,0.0,0
825,826,0.077171346852694,0
824,825,0.057411277886819004,0
823,824,0.053225613553496996,0
822,823,0.079595064406905,0
821,822,0.15509029304093,0
820,821,0.05662557916213299,0
819,820,0.077453588867077,0
818,819,0.12348623922845,0
817,818,0.072297652068167,0
816,817,0.024102810048699,0
815,816,0.027267039980187,0
814,815,0.0,0
813,814,0.0,0
812,813,0.09562635368432303,0
811,812,0.09154630234853098,0
810,811,0.090692829340129,0
809,810,0.025935450238779998,0
808,809,0.090543853269643,0
807,808,0.038537180887872,0
806,807,0.08271940630361399,0
805,806,0.027014133895137002,0
804,805,0.08148200392528,0
803,804,0.020886039183631,0
802,803,0.06217694957317299,0
801,802,0.07529920073678098,0
800,801,0.08705722689013601,0
799,800,0.4,1
798,799,0.09211700324247198,0
797,798,0.030305771594538997,0
796,797,0.069818221889972,0
795,796,0.15267199916685997,0
794,795,0.06726096113022301,0
793,794,0.10227075584147999,0
792,793,0.058507485759525,0
791,792,0.13681403156951,0
790,791,0.0,0
789,790,0.022875979046570998,0
788,789,0.17589540947937002,0
787,788,0.19022950977106,0
786,787,0.070873939193717,0
785,786,0.056755112785469006,0
784,785,0.053744802378685,0
783,784,0.027199843934104,0
782,783,0.0,0
781,782,0.015541991667356,0
780,781,0.017214486216241002,0
779,780,0.0,0
778,779,0.0,0
777,778,0.031549757127405,0
776,777,0.015112630017379001,0
775,776,0.08326287339845401,0
774,775,0.06797619687558401,0
773,774,0.093396608626074,0
772,773,0.038989846359505,0
771,772,0.075100266089453,0
770,771,0.032382889221133,0
769,770,0.04521932948417,0
768,769,0.14102875351082,0
767,768,0.067455979006223,0
766,767,0.049768578185777006,0
765,766,0.067771120773973,0
764,765,0.091445521226266,0
763,764,0.043646436319699,0
762,763,0.08011943311413,0
761,762,0.0983398607742,0
760,761,0.0,0
759,760,0.09110385536221399,0
758,759,0.031672522871666,0
757,758,0.023187512335638,0
756,757,0.0,0
755,756,0.07333373485157901,0
754,755,0.031958698733102996,0
753,754,0.05187669973457199,0
752,753,0.17156759541908997,0
751,752,0.072990045810784,0
750,751,0.04681302439000701,0
749,750,0.13866540834682,0
748,749,0.068594711667718,0
747,748,0.12674340154738,0
746,747,0.092612685693125,0
745,746,0.031750779212929,0
744,745,0.024153733176505,0
743,744,0.03530531183359101,0
742,743,0.012398281267648999,0
741,742,0.068536856116777,0
740,741,0.036960535765785,0
739,740,0.064929719079082,0
738,739,0.02201293380153,0
737,738,0.09831971809508301,0
736,737,0.10860709298782001,0
735,736,0.083109434319356,0
734,735,0.047219926720593,0
733,734,0.0,0
732,733,0.025265991419407996,0
731,732,0.0,0
730,731,0.0,0
729,730,0.0,0
728,729,0.027108383258305998,0
727,728,0.13957171072647,0
726,727,0.031014262794497004,0
725,726,0.042879382350005,0
724,725,0.077186121310215,0
723,724,0.12614216994504,0
722,723,0.048008603166117006,0
721,722,0.05837314521040401,0
720,721,0.06746445682560599,0
719,720,0.09604225449090802,0
718,719,0.15690958465910998,0
717,718,0.1132743034971,0
716,717,0.037244401880164,0
715,716,0.057411277886819004,0
714,715,0.08655557751574,0
713,714,0.16853433621426,0
712,713,0.13497701521251,0
711,712,0.040819652463459,0
710,711,0.026644044055307004,0
709,710,0.05661033690817299,0
708,709,0.0,0
707,708,0.26537507315217,0
706,707,0.0,0
705,706,0.15901886092526998,0
704,705,0.065272680657868,0
703,704,0.11179018663123,0
702,703,0.09360977200772301,0
701,702,0.13119921991025002,0
700,701,0.028306668795131003,0
699,700,0.4,1
698,699,0.068135614649249,0
697,698,0.032146952736052,0
696,697,0.0,0
695,696,0.057044494886419994,0
694,695,0.14331889652193,0
693,694,0.09870371159383699,0
692,693,0.056437861708265,0
691,692,0.10547682048851,0
690,691,0.06507307495461,0
689,690,0.05418569809170299,0
688,689,0.068897518746959,0
687,688,0.0,0
686,687,0.0,0
685,686,0.0,0
684,685,0.0,0
683,684,0.0,0
682,683,0.096617489053804,0
681,682,0.10215803640865,0
680,681,0.13912778922607,0
679,680,0.13825204927093,0
678,679,0.10971373742228,0
677,678,0.05367288121870901,0
676,677,0.13079770999921,0
675,676,0.1392329990551,0
674,675,0.13981560037535998,0
673,674,0.19582462633147998,0
672,673,0.15511115210127,0
671,672,0.24059408570531,0
670,671,0.14957813136313,0
669,670,0.15862461647089002,0
668,669,0.10741924067542,0
667,668,0.18439354827551,0
666,667,0.09169148327055698,0
665,666,0.11950310860409,0
664,665,0.030265788895452003,0
663,664,0.033467197342518996,0
662,663,0.08592375974441901,0
661,662,0.06119152331234099,0
660,661,0.058100747891124,0
659,660,0.07729609083366701,0
658,659,0.0,0
657,658,0.0,0
656,657,0.16325946030154,0
655,656,0.08706206992122,0
654,655,0.14426278476756,0
653,654,0.10658713601061,0
652,653,0.039012779943635,0
651,652,0.079228021087742,0
650,651,0.10380294658324002,0
649,650,0.020994992941051005,0
648,649,0.019762530636926998,0
647,648,0.089095336472172,0
646,647,0.12358680271021001,0
645,646,0.023838633821410996,0
644,645,0.12973870706052,0
643,644,0.11966022897483,0
642,643,0.052915080344848,0
641,642,0.0,0
640,641,0.1409929213297,0
639,640,0.03581063431610201,0
638,639,0.038671790863765,0
637,638,0.041436571087464,0
636,637,0.0,0
635,636,0.0,0
634,635,0.0,0
633,634,0.0747839457206,0
632,633,0.19953464365013,0
631,632,0.10188181868693,0
630,631,0.064404980330111,0
629,630,0.097127966420289,0
628,629,0.10449109200784999,0
627,628,0.09613785932463101,0
626,627,0.09120203546303399,0
625,626,0.062226183256115,0
624,625,0.13486764750848,0
623,624,0.094084438832673,0
622,623,0.052131597947041995,0
621,622,0.12198352023567999,0
620,621,0.059534673085297,0
619,620,0.046904491868436,0
618,619,0.12635270044885,0
617,618,0.16080169828563,0
616,617,0.03848713016603201,0
615,616,0.047260069860172005,0
614,615,0.033086949155743,0
613,614,0.025935450238779998,0
612,613,0.027922074309281005,0
611,612,0.025596039426134,0
610,611,0.024581173073577996,0
609,610,0.07934996156433399,0
608,609,0.09644836158065499,0
607,608,0.032053604746412,0
606,607,0.11171915024595,0
605,606,0.19135011734274998,0
604,605,0.19567092855859,0
603,604,0.043899611017859004,0
602,603,0.13163105487926,0
601,602,0.10046170077382,0
600,601,0.14965728062748998,0
599,600,0.4,1
598,599,0.12602019009982998,0
597,598,0.063929461148943,0
596,597,0.15686874147816002,0
595,596,0.024378363844867995,0
594,595,0.08260397756200501,0
593,594,0.16949365549682996,0
592,593,0.10228536028167,0
591,592,0.16633704704670998,0
590,591,0.033075906123641,0
589,590,0.0,0
588,589,0.058925029212997006,0
587,588,0.030507395540508,0
586,587,0.084518021856329,0
585,586,0.06507307495461,0
584,585,0.08029349854683501,0
583,584,0.13808411333909,0
582,583,0.045323960075285004,0
581,582,0.094396473652892,0
580,581,0.04175261832616001,0
579,580,0.086129850619071,0
578,579,0.12559700716583,0
577,578,0.08574268253550299,0
576,577,0.1836893913223,0
575,576,0.055882659245704,0
574,575,0.09003816676619801,0
573,574,0.11909159312805999,0
572,573,0.10064381631633,0
571,572,0.049366067455729,0
570,571,0.16422977329792998,0
569,570,0.077457673524504,0
568,569,0.0,0
567,568,0.14186075040414,0
566,567,0.061557079663167,0
565,566,0.0,0
564,565,0.0,0
563,564,0.0,0
562,563,0.021952502374124,0
561,562,0.09525948495633699,0
560,561,0.044888048273534,0
559,560,0.062788330996733,0
558,559,0.055915839259234004,0
557,558,0.061656002495989994,0
556,557,0.054000161367617996,0
555,556,0.061817529149429,0
554,555,0.09418709999244,0
553,554,0.017696014614986,0
552,553,0.03282297151413,0
551,552,0.04483364007329901,0
550,551,0.054579839310753,0
549,550,0.027670189755404,0
548,549,0.040996998867197,0
547,548,0.055445634363329,0
546,547,0.0,0
545,546,0.06405347705857799,0
544,545,0.054981313823219,0
543,544,0.029191244440102997,0
542,543,0.035358633773416,0
541,542,0.05795826200210599,0
540,541,0.021912411214588,0
539,540,0.0,0
538,539,0.064174002348993,0
537,538,0.059261864411046,0
536,537,0.0,0
535,536,0.05447086605697401,0
534,535,0.063069968046591,0
533,534,0.020367863848113996,0
532,533,0.048227542028920996,0
531,532,0.046619928266775,0
530,531,0.039311673522385,0
529,530,0.055037935083209005,0
528,529,0.07460088255490599,0
527,528,0.034308847257872,0
526,527,0.018977302969238,0
525,526,0.034360100307537,0
524,525,0.024204462299365,0
523,524,0.028682734942579,0
522,523,0.035302992848671,0
521,522,0.05246136025669901,0
520,521,0.08536575533023,0
519,520,0.052306327013631,0
518,519,0.0,0
517,518,0.019202263481758998,0
516,517,0.017965204407153,0
515,516,0.0,0
514,515,0.0,0
513,514,0.019478099970089,0
512,513,0.061132356147447,0
511,512,0.13109036514766,0
510,511,0.084191269180943,0
509,510,0.034848294186597004,0
508,509,0.09396923545355901,0
507,508,0.036816888038697,0
506,507,0.07557888002360401,0
505,506,0.072746100819649,0
504,505,0.073501732487291,0
503,504,0.11565746993409,0
502,503,0.064177980162036,0
501,502,0.09611085542803999,0
500,501,0.068431521141608,0
499,500,0.4,1
498,499,0.09680701971025901,0
497,498,0.0,0
496,497,0.034467327401996005,0
495,496,0.03712022063964399,0
494,495,0.021636091422946997,0
493,494,0.052738784696875,0
492,493,0.036157867549893995,0
491,492,0.0,0
490,491,0.099551526697496,0
489,490,0.04014845396824399,0
488,489,0.033708553131457,0
487,488,0.056692005942856,0
486,487,0.043615168647623,0
485,486,0.08532776818426499,0
484,485,0.024403519177111,0
483,484,0.044797927381498,0
482,483,0.11147038220963999,0
481,482,0.09699047978112099,0
480,481,0.05609961782665,0
479,480,0.047966724418057,0
478,479,0.036411774365824996,0
477,478,0.055696363369897,0
476,477,0.016462114132943,0
475,476,0.1330396486107,0
474,475,0.016955671451488998,0
473,474,0.04413510379665099,0
472,473,0.035173891965944996,0
471,472,0.043576825212603996,0
470,471,0.0,0
469,470,0.0,0
468,469,0.049828520132601,0
467,468,0.0,0
466,467,0.0,0
465,466,0.047136440673386,0
464,465,0.047746883512707,0
463,464,0.06125086589409901,0
462,463,0.056393740750134,0
461,462,0.061118974117397,0
460,461,0.069274987547704,0
459,460,0.09513097192459499,0
458,459,0.044000040388062,0
457,458,0.04735400243835201,0
456,457,0.075937967855042,0
455,456,0.069605078732108,0
454,455,0.077413583128967,0
453,454,0.063573954212613,0
452,453,0.05268422233957901,0
451,452,0.042155878228,0
450,451,0.046391383573699006,0
449,450,0.017383620014121998,0
448,449,0.029854520963497996,0
447,448,0.043273461915965,0
446,447,0.0,0
445,446,0.017190609993733997,0
444,445,0.015717168144981003,0
443,444,0.0,0
442,443,0.093342961377898,0
441,442,0.020190723068726,0
440,441,0.0,0
439,440,0.035229341473877,0
438,439,0.056725172482787994,0
437,438,0.053200012471362995,0
436,437,0.04023605711093899,0
435,436,0.068871884486763,0
434,435,0.052668952946360995,0
433,434,0.056170625137636994,0
432,433,0.07469842969719999,0
431,432,0.060122448878635,0
430,431,0.082471571552878,0
429,430,0.05130763806024401,0
428,429,0.061389206215894006,0
427,428,0.10950621554455,0
426,427,0.09973889072880301,0
425,426,0.06374239746477901,0
424,425,0.01916018435633,0
423,424,0.015408589348188001,0
422,423,0.06821638123436,0
421,422,0.029115275623859,0
420,421,0.033319304393751,0
419,420,0.06291463671717,0
418,419,0.036987975876273,0
417,418,0.048273008229067,0
416,417,0.04720597158087901,0
415,416,0.042917873674349,0
414,415,0.07223863924679201,0
413,414,0.078260793447992,0
412,413,0.025162301034707,0
411,412,0.080098394586215,0
410,411,0.033344698319951,0
409,410,0.04528752509160901,0
408,409,0.09017822949731,0
407,408,0.05463175864878501,0
406,407,0.051455855638306,0
405,406,0.062601610466313,0
404,405,0.10540579050057002,0
403,404,0.090659246308087,0
402,403,0.039570832199428,0
401,402,0.039360296791109,0
400,401,0.0,0
399,400,0.4,1
398,399,0.046999447831426996,0
397,398,0.0,0
396,397,0.030693547421212,0
395,396,0.0,0
394,395,0.0,0
393,394,0.14556064903749,0
392,393,0.081869163858473,0
391,392,0.08993433499951,0
390,391,0.078777592482879,0
389,390,0.049232295047845,0
388,389,0.078500039299167,0
387,388,0.14159640074335997,0
386,387,0.04699518011436099,0
385,386,0.068633627680319,0
384,385,0.10679035350244001,0
383,384,0.10579408349833999,0
382,383,0.13347711194703,0
381,382,0.021952502374124,0
380,381,0.11559664215716,0
379,380,0.032230355211769,0
378,379,0.066236017573192,0
377,378,0.034703114844079,0
376,377,0.027102718749392,0
375,376,0.062001214431213,0
374,375,0.047911560407608,0
373,374,0.032322011663911,0
372,373,0.09451731613096799,0
371,372,0.08970338978685001,0
370,371,0.062806431427897,0
369,370,0.10358625218721,0
368,369,0.075496432869001,0
367,368,0.051490800079599004,0
366,367,0.058455074416030005,0
365,366,0.086611479249287,0
364,365,0.039360296791109,0
363,364,0.095540168894753,0
362,363,0.06408869538637901,0
361,362,0.10782180851978,0
360,361,0.19159058299176,0
359,360,0.12212653292147,0
358,359,0.10314231079956,0
357,358,0.20799106772677,0
356,357,0.054750658073534006,0
355,356,0.12459953631184001,0
354,355,0.08571767780871499,0
353,354,0.026167129419327997,0
352,353,0.033846222120808,0
351,352,0.10335456693442999,0
350,351,0.0,0
349,350,0.0,0
348,349,0.045224636676714995,0
347,348,0.040891918425583,0
346,347,0.05740470330970599,0
345,346,0.04215131178281901,0
344,345,0.082058799915824,0
343,344,0.054445250001619004,0
342,343,0.14509169704095,0
341,342,0.15061124796385,0
340,341,0.10277355185943,0
339,340,0.079695587369141,0
338,339,0.13255054531036,0
337,338,0.04531686866460401,0
336,337,0.047305343559722,0
335,336,0.10958125953197999,0
334,335,0.048361321378982004,0
333,334,0.036174223284821,0
332,333,0.10979978093137,0
331,332,0.11009690391165,0
330,331,0.055538160906184006,0
329,330,0.05310618109238201,0
328,329,0.028611752774163998,0
327,328,0.029426630692549,0
326,327,0.026827723134057995,0
325,326,0.11070024667119,0
324,325,0.11471628863897,0
323,324,0.1087202400467,0
322,323,0.076652795374797,0
321,322,0.11090009191451,0
320,321,0.10977831600416,0
319,320,0.04645857903869201,0
318,319,0.092606306920552,0
317,318,0.086415715789296,0
316,317,0.11515041454164,0
315,316,0.15720996206912,0
314,315,0.019571935182124002,0
313,314,0.034160489683707995,0
312,313,0.11556476355437,0
311,312,0.073622496612493,0
310,311,0.10713527159168999,0
309,310,0.07296715773193299,0
308,309,0.050348669783997005,0
307,308,0.047414460026828,0
306,307,0.067835890522602,0
305,306,0.059612111520904,0
304,305,0.14112049645292002,0
303,304,0.021675109392133997,0
302,303,0.15790425505315,0
301,302,0.08461316628091001,0
300,301,0.054798089981891,0
299,300,0.4,1
298,299,0.15685427502807,0
297,298,0.10095551301750001,0
296,297,0.08890522133351199,0
295,296,0.076760188212735,0
294,295,0.11313351589999002,0
293,294,0.053119315802353,0
292,293,0.10136246281349001,0
291,292,0.0531410973178,0
290,291,0.14711499890479998,0
289,290,0.079092017261926,0
288,289,0.15720639094135,0
287,288,0.12875690949235,0
286,287,0.12451757643335,0
285,286,0.025485002897852004,0
284,285,0.10986585566763,0
283,284,0.048316550276279,0
282,283,0.030884138240845002,0
281,282,0.037830020408535,0
280,281,0.076184645265048,0
279,280,0.039930389849143995,0
278,279,0.042854531198562,0
277,278,0.12647517487142998,0
276,277,0.14372616993938,0
275,276,0.071287463233942,0
274,275,0.031087561676959,0
273,274,0.086890518272785,0
272,273,0.08835953066771099,0
271,272,0.034197830567692,0
270,271,0.04838868558547099,0
269,270,0.042258794089861,0
268,269,0.048953768695625004,0
267,268,0.10381377439313,0
266,267,0.030884138240845002,0
265,266,0.11305566197523,0
264,265,0.021992750543024,0
263,264,0.06987083046098,0
262,263,0.09341456146583801,0
261,262,0.037685894365982006,0
260,261,0.04412911220799701,0
259,260,0.051675070535005994,0
258,259,0.06802464587725401,0
257,258,0.083175583471284,0
256,257,0.066320996162546,0
255,256,0.07832796288132202,0
254,255,0.038807415292018,0
253,254,0.040593364983329,0
252,253,0.028611752774163998,0
251,252,0.039066291775136,0
250,251,0.05063725351997099,0
249,250,0.04008956024204,0
248,249,0.08088416337864099,0
247,248,0.078977758004111,0
246,247,0.13053034917739,0
245,246,0.12069378235889001,0
244,245,0.12889794040441002,0
243,244,0.09935062148508599,0
242,243,0.10890530980571,0
241,242,0.1150532998405,0
240,241,0.10519027968795,0
239,240,0.11388410095531,0
238,239,0.075015592829224,0
237,238,0.1715485140175,0
236,237,0.12240855732315001,0
235,236,0.05680722879784299,0
234,235,0.09750667785645802,0
233,234,0.08117200437078799,0
232,233,0.10022162220861001,0
231,232,0.022875979046570998,0
230,231,0.076277687882641,0
229,230,0.09882843339863001,0
228,229,0.037896500450725,0
227,228,0.088072259040681,0
226,227,0.021992750543024,0
225,226,0.18261306403662,0
224,225,0.04631176800502201,0
223,224,0.20381554615785996,0
222,223,0.12109055114779,0
221,222,0.11656453357642,0
220,221,0.09685476998430699,0
219,220,0.029431888410362997,0
218,219,0.070273907645883,0
217,218,0.038593218846487996,0
216,217,0.09126220979158199,0
215,216,0.047275248011591,0
214,215,0.099346579713514,0
213,214,0.053210709415362996,0
212,213,0.10076746585103,0
211,212,0.11803653713500999,0
210,211,0.098779019649936,0
209,210,0.070501147961051,0
208,209,0.066566772961868,0
207,208,0.10008779345816002,0
206,207,0.058680009072634,0
205,206,0.023695834967821,0
204,205,0.024893884278452006,0
203,204,0.074812141908008,0
202,203,0.05601995959727501,0
201,202,0.064614077523704,0
200,201,0.073729686380986,0
199,200,0.4,1
198,199,0.14768844039376003,0
197,198,0.09563749800691301,0
196,197,0.083396348606149,0
195,196,0.14744152252573,0
194,195,0.09779274451732001,0
193,194,0.10142513773096001,0
192,193,0.10338450919956,0
191,192,0.096833471661634,0
190,191,0.20112394005693,0
189,190,0.19840339729984,0
188,189,0.0,0
187,188,0.12107639529965,0
186,187,0.076137992226715,0
185,186,0.0,0
184,185,0.06181362481077901,0
183,184,0.082668981599835,0
182,183,0.040819652463459,0
181,182,0.0,0
180,181,0.04175261832616001,0
179,180,0.12687067454443,0
178,179,0.074524398314698,0
177,178,0.021162435488903,0
176,177,0.10359394556778999,0
175,176,0.10718177844830001,0
174,175,0.12343775199875999,0
173,174,0.082361078437032,0
172,173,0.072057993662839,0
171,172,0.06051348935254,0
170,171,0.18960071033689,0
169,170,0.15077430423660998,0
168,169,0.12395626148951999,0
167,168,0.07336941078506799,0
166,167,0.14491137762023998,0
165,166,0.12005519462967999,0
164,165,0.17378132267942997,0
163,164,0.1001564296112,0
162,163,0.042236538352835,0
161,162,0.042155048516160004,0
160,161,0.043044731483849,0
159,160,0.049384244324413,0
158,159,0.0,0
157,158,0.078387348178452,0
156,157,0.016615805334675,0
155,156,0.099217337562612,0
154,155,0.051289858799957,0
153,154,0.026644044055307004,0
152,153,0.073869151016554,0
151,152,0.064254625408408,0
150,151,0.021568136982842,0
149,150,0.028882930937167997,0
148,149,0.07244669924777,0
147,148,0.067695565422881,0
146,147,0.027278224398313,0
145,146,0.068759646748575,0
144,145,0.065734580284861,0
143,144,0.044973875852863,0
142,143,0.080666570182724,0
141,142,0.067550601916344,0
140,141,0.07910648512645599,0
139,140,0.04720597158087901,0
138,139,0.068395341911942,0
137,138,0.11851571646444001,0
136,137,0.078387348178452,0
135,136,0.055202605299814,0
134,135,0.027395404320488,0
133,134,0.0,0
132,133,0.0,0
131,132,0.0,0
130,131,0.069437397660265,0
129,130,0.11771339431815,0
128,129,0.075440683881139,0
127,128,0.068760549683423,0
126,127,0.04854243074027901,0
125,126,0.10217989327054,0
124,125,0.09477432932347199,0
123,124,0.14560588482235998,0
122,123,0.091946448716499,0
121,122,0.07031477357556501,0
120,121,0.070057457403873,0
119,120,0.07668513845109799,0
118,119,0.11499203730886,0
117,118,0.08253629738290899,0
116,117,0.081014772096658,0
115,116,0.055771058827737,0
114,115,0.056724832354639,0
113,114,0.0,0
112,113,0.051191743726562995,0
111,112,0.04243257762835399,0
110,111,0.016602764360002,0
109,110,0.047309968420241,0
108,109,0.027955712584728,0
107,108,0.0,0
106,107,0.040258943675435,0
105,106,0.0744713077811,0
104,105,0.0390040506742,0
103,104,0.054235162564995,0
102,103,0.1088795585287,0
101,102,0.13861764684085998,0
100,101,0.048649372449385005,0
99,100,0.4,1
98,99,0.11389182319254,0
97,98,0.17250021935572,0
96,97,0.097952120177625,0
95,96,0.076266981262989,0
94,95,0.11149072274185,0
93,94,0.085101425467407,0
92,93,0.096293806236591,0
91,92,0.05931428636012699,0
90,91,0.10644586288975,0
89,90,0.06035585974240701,0
88,89,0.15365285617975,0
87,88,0.073729686380986,0
86,87,0.041819399065704,0
85,86,0.057393902128707,0
84,85,0.06328921386603299,0
83,84,0.08412575787388402,0
82,83,0.07689756334240598,0
81,82,0.07101004447510299,0
80,81,0.14762794333026003,0
79,80,0.091817341555971,0
78,79,0.074790104163639,0
77,78,0.051354431854972,0
76,77,0.08876527685714598,0
75,76,0.06248169832921499,0
74,75,0.05904453736940401,0
73,74,0.074209918996797,0
72,73,0.087208372094752,0
71,72,0.04014845396824399,0
70,71,0.10152541717054,0
69,70,0.12755838225296,0
68,69,0.15930655332113,0
67,68,0.09233413002519698,0
66,67,0.024228588329878998,0
65,66,0.07426125441559799,0
64,65,0.023853017353212,0
63,64,0.05279414163165401,0
62,63,0.068514114108229,0
61,62,0.054893891024455,0
60,61,0.032756244361869,0
59,60,0.0,0
58,59,0.0733999511789,0
57,58,0.08671926699280201,0
56,57,0.16317996709063,0
55,56,0.07913553329046401,0
54,55,0.054872994406929,0
53,54,0.088820248166203,0
52,53,0.089317973365284,0
51,52,0.041478839355346,0
50,51,0.14973281021845003,0
49,50,0.06393273436444799,0
48,49,0.07696963969656899,0
47,48,0.1421711341096,0
46,47,0.14475546275415999,0
45,46,0.079657960399444,0
44,45,0.10475925920163,0
43,44,0.11419089175512,0
42,43,0.061939295606039,0
41,42,0.07337616196456799,0
40,41,0.089564461084836,0
39,40,0.03468622413034,0
38,39,0.069688744272108,0
37,38,0.095423209955973,0
36,37,0.030426401876333997,0
35,36,0.064497814457643,0
34,35,0.038096861957006005,0
33,34,0.016638011234698,0
32,33,0.094529332881679,0
31,32,0.091244453451818,0
30,31,0.074428708878932,0
29,30,0.056764513454874,0
28,29,0.10165726215275,0
27,28,0.097980673762982,0
26,27,0.08436887679639,0
25,26,0.1053622140254,0
24,25,0.04485100631921201,0
23,24,0.20478886838927998,0
22,23,0.10481279080241,0
21,22,0.047140641497552004,0
20,21,0.09803005371153099,0
19,20,0.08911335594722301,0
18,19,0.040392584616896,0
17,18,0.073413457727404,0
16,17,0.11546815687728999,0
15,16,0.087870391896335,0
14,15,0.063354504072079,0
13,14,0.017732750501525,0
12,13,0.031063767542922,0
11,12,0.0,0
10,11,0.097073068447328,0
9,10,0.085026586189321,0
8,9,0.13330269689422,0
7,8,0.06842699169496,0
6,7,0.08460994072769001,0
5,6,0.09049124547605099,0
4,5,0.17635798469946,0
3,4,0.22621935431999,0
2,3,0.17229675238449998,0
1,2,0.091757964510557,0
0,1,0.0,0
